	page_no	brand	name	oriprice	price	shop_url	img_url
0	2	"<div class=""product-manufacturer"" lang=""zh-HK"">
<a href=""https://www.bonjourhk.com/tc/KOT"">Kotex 高潔絲</a>
</div>"	"<div class=""item_name"" hidden-long=""""><a class=""grey"" data-product-name=""植萃涼感衛生巾23cm"" href=""https://www.bonjourhk.com/tc/femininecare/search/%E8%A1%9B%E7%94%9F%E5%B7%BE2/1040046"">植萃涼感衛生巾23cm</a></div>"	"<span class=""delprice small"">HK$33.90</span>"	"<div class=""price"">
<i>HK$</i><em><price>22<b class=""point"">.70</b></price></em> <span class=""delprice small"">HK$33.90</span> </div>"	"<div class=""item_name"" hidden-long=""""><a class=""grey"" data-product-name=""植萃涼感衛生巾23cm"" href=""https://www.bonjourhk.com/tc/femininecare/search/%E8%A1%9B%E7%94%9F%E5%B7%BE2/1040046"">植萃涼感衛生巾23cm</a></div>"	"<div class=""product-thumb transition"">
<div class=""out_of_stock"">暫時缺貨</div>
<div class=""image"">
<a href=""https://www.bonjourhk.com/tc/femininecare/search/%E8%A1%9B%E7%94%9F%E5%B7%BE2/1040046""><img alt=""植萃涼感衛生巾23cm"" class=""img-responsive lazy"" data-original=""https://www.bonjourhk.com/image/cache/catalog/Product/KOT428112-0-200x200.JPG"" height=""200"" src=""https://www.bonjourhk.com/image/catalog/loading_200_pink.gif"" title=""植萃涼感衛生巾23cm"" width=""200""/></a>
</div>
</div>"
1	2	"<div class=""product-manufacturer"" lang=""zh-HK"">
<a href=""https://www.bonjourhk.com/tc/UNC"">Unicharm</a>
</div>"	"<div class=""item_name"" hidden-long=""""><a class=""grey"" data-product-name=""日用超薄衛生巾21.5cm (花香味)"" href=""https://www.bonjourhk.com/tc/femininecare/search/%E8%A1%9B%E7%94%9F%E5%B7%BE2/1033362"">日用超薄衛生巾21.5cm (花香味)</a></div>"		"<div class=""price"">
<i>HK$</i><em><price>38<b class=""point"">.00</b></price></em> </div>"	"<div class=""item_name"" hidden-long=""""><a class=""grey"" data-product-name=""日用超薄衛生巾21.5cm (花香味)"" href=""https://www.bonjourhk.com/tc/femininecare/search/%E8%A1%9B%E7%94%9F%E5%B7%BE2/1033362"">日用超薄衛生巾21.5cm (花香味)</a></div>"	"<div class=""product-thumb transition"">
<div class=""out_of_stock"">暫時缺貨</div>
<div class=""image"">
<a href=""https://www.bonjourhk.com/tc/femininecare/search/%E8%A1%9B%E7%94%9F%E5%B7%BE2/1033362""><img alt=""日用超薄衛生巾21.5cm (花香味)"" class=""img-responsive lazy"" data-original=""https://www.bonjourhk.com/image/cache/catalog/Product/UNC428602-0-200x200.JPG"" height=""200"" src=""https://www.bonjourhk.com/image/catalog/loading_200_pink.gif"" title=""日用超薄衛生巾21.5cm (花香味)"" width=""200""/></a>
</div>
</div>"
2	2	"<div class=""product-manufacturer"" lang=""zh-HK"">
<a href=""https://www.bonjourhk.com/tc/KOT"">Kotex 高潔絲</a>
</div>"	"<div class=""item_name"" hidden-long=""""><a class=""grey"" data-product-name=""極緻綿柔 超薄日夜用衛生巾28cm"" href=""https://www.bonjourhk.com/tc/femininecare/search/%E8%A1%9B%E7%94%9F%E5%B7%BE2/1022704"">極緻綿柔 超薄日夜用衛生巾28cm</a></div>"		"<div class=""price"">
<i>HK$</i><em><price>30<b class=""point"">.00</b></price></em> </div>"	"<div class=""item_name"" hidden-long=""""><a class=""grey"" data-product-name=""極緻綿柔 超薄日夜用衛生巾28cm"" href=""https://www.bonjourhk.com/tc/femininecare/search/%E8%A1%9B%E7%94%9F%E5%B7%BE2/1022704"">極緻綿柔 超薄日夜用衛生巾28cm</a></div>"	"<div class=""product-thumb transition"">
<div class=""out_of_stock"">暫時缺貨</div>
<div class=""image"">
<a href=""https://www.bonjourhk.com/tc/femininecare/search/%E8%A1%9B%E7%94%9F%E5%B7%BE2/1022704""><img alt=""極緻綿柔 超薄日夜用衛生巾28cm"" class=""img-responsive lazy"" data-original=""https://www.bonjourhk.com/image/cache/catalog/Product/KOT416166-200x200.JPG"" height=""200"" src=""https://www.bonjourhk.com/image/catalog/loading_200_pink.gif"" title=""極緻綿柔 超薄日夜用衛生巾28cm"" width=""200""/></a>
</div>
</div>"
